{"cameraMode":{"drawMode":0,"name":"Shaded","section":"Shading Mode"},"sceneLighting":true,"audioPlay":false,"sceneViewState":{"showFog":false,"showMaterialUpdate":false,"showSkybox":false,"showFlares":false,"showImageEffects":false,"showParticleSystems":false},"in2DMode":false,"pivot":{"x":0.7558385729789734,"y":-3.244229316711426,"z":0.13636499643325807},"rotation":{"x":0.4153546392917633,"y":-0.14631234109401704,"z":0.0678822323679924,"w":0.8952472805976868},"size":17.483882904052736,"orthographic":false}